RelativePath	Length	SHA256
AppearancePresetFilter.cs	6529	0F32B02C0B9A5A52EEFBD1D5F54CC73EF7C0D42DBDE6DFA056DE06A3E1BB619D
AppearancePresetFilterRuntimeTests.cs	3956	EFB1EDDF17799FCEC5C03B7BA5B2BB8C876ABA186720E4D081FA4DEF6B4A4DEF
AppearancePresetFilterTests.ps1	2388	6F8B2879560ECC6E4BEFC9DEAE6C871B03EC659284776A54603B6CFDCCC0EE73
APPLY_PENDING_UPDATE.ps1	1014	F2E1BB86A84045BE9DD884D56E59440A8B28B016C1BB7C41F3FC2D7E05BEE93C
AssemblyLoadTests.cs	1855	0DB1BABB6664D978F4DD777AAAAEC7C41B15EA57C7F92089707AD80672B792A3
FastStandbyController.cs	6019	389BBFFCF9928641BCBF3A6BB0B7C80D0BB88FE4CC634AEEFE370A232C5B4BB5
GlobalVrPitchController.cs	4121	F1D02A2E26EA84ACE0D0D977FDA4B73A98A13FB11EEC375597681B6A9BCB7259
HotUpdateLoader.cs	5135	3DBFE49D58BA31421C839BB32FD06AFF57009FFB698DDFE106E225263D456914
PoseMe.source.cs	147795	3C86455E88669B04569D15C13DA92031F6EC65EBA88B4DCAC44B7A422AF844F4
PoseMe.Story.source.cs	9015	989A00CAB3113CD95CD624C35CE159D321F3F609897AF87E27545784B2049CD2
PoseMe.StoryLevel.source.cs	18757	ECED5B40C8065073EFE8A2DF6E6F09CDA5DD8D726C15F040CEC2B29B9FB559F3
PresetBrowserFileTools.cs	22015	D6B9ED5B9338593F2D52A61F0FC71EB10CF913E4A6F36121E185768471692E2B
PresetFileOperationTests.cs	3828	266322EEC91EAEAD60A90A4C5AD1C6C25A1050154E395E8173AB87B7B9F66EEA
PROJECT_STATE.md	36306	07CD8FA2C3AFD23A7C526FEA3F45860DC90FE51F8EFDE56A4D39430A1590A8C5
PUBLISH_HOT_UPDATE.ps1	1431	DBC5B666A414406E72A45ACDFE922A1CB2F5229F8DF19EE73E23763E80ABB877
Quest3TriggerUI.cs	29191	6FD1AE7128B66352DD8407B374EBA3FC1B08F7A642E8BD1C9C7A9801EA14A9CE
Quest3TriggerUI.HotLoader.dll	7168	C49E9A51BCCB82895CA1141CAA875B1372D4F4A175743A5459805CF72882C592
Quest3TriggerUI.payload.dll.disabled	401408	6A79BE11DBC67F8DEFDDD4B4ED693E10E20FEB46A2533D0CB90E8CAD6BC16EC8
QuickActionContractTests.ps1	13561	DA215E7406142BBDC21AE94AAF12AADE605DF022541EF5E4C22C3179AF53675E
reference_sources\AlternateUIClothingPanelStubs.cs	4713	FF2B8B491AECB3CF1814E10E9B6000656A291AD77766B994A82ECAC6FF7473BB
reference_sources\AuiClothingControls.cs	19996	4DA9D7A6A2EFF17DC2BE3220660E0CE1C3720E056324F6C235FF9AFDC708661F
reference_sources\AuiClothingPanel.cs	4277	AD2921530A26F48F42B0535F1605E049A95ED5DB0CC8938085D88AD77E07AEF7
reference_sources\AuiClothingUI.cs	14359	3C74E568E2357DA1E2342C54C4FD0F079F24DFE743581C2EAD698589BC772CC8
reference_sources\Button.cs	5639	5B79F59E09E814B59F00CC712D5985CCBA169A8D352921A5073A3CF787ABCE38
reference_sources\CheckBox.cs	2677	3A1D94ED2392D18D323EE53309C74EF4915250009687B8EC830B88EC0A4A5462
reference_sources\DumpAddCanvas.cs	350	862197E66288B7BCA4BC0943151F2E5A34EC2AE0DD191193B8773AD57CE3A1FC
reference_sources\DumpAddCanvas.exe	4608	51B6EADF7277C8255FF5C84630A41CBD283BD8FB9A85E97B312916F8304918B3
reference_sources\DumpNavigationIL.cs	633	43FB33182CBDCB529C70F12F97C5A65FDF55FD8B815BFC2A21FB9CBE71721165
reference_sources\DumpNavigationIL.exe	5120	936EAD9D4C5C6DE5160E590B177F09EA4B829B11F3B4E60086B7F9AEAC00AF38
reference_sources\DumpPresetActionIL.cs	679	A7D020DCD18A1A006FFE73516F83961013292E0B57F821A6D3D498563294C219
reference_sources\DumpPresetActionIL.exe	5632	836A76B25967E99C205BC452A807C2E4BC205AB3B141D3B9BE2188A00F68D1F8
reference_sources\DumpPresetBrowserIL.cs	705	30B8F346A777D945FEA71D93C752E8A1713864BE2CD1A2A79EE64B9E8AADBFA8
reference_sources\DumpPresetBrowserIL.exe	5632	B5FAA0C8EEA33655449A234B2AC45303F98026F9219426DBFFAC22AA5AF943E8
reference_sources\DumpPresetReloadIL.cs	707	580FD3EE31233B261419C2EF7BEDD698E34CF9EFE58DCA9C7412D25D8B25E52D
reference_sources\DumpPresetReloadIL.exe	5632	6C29BD796052DCB09A1687A84C0A9C57A66E9F18A61BFD1C8F7373D24D26D34D
reference_sources\DumpUpdateCalls.cs	656	D015BE56447E2CC7CBA7E84F641B73C8ED6BAA331AEAAF9D7F1793DA73EE50F3
reference_sources\DumpUpdateCalls.exe	5120	19277EF904CC520C1201D80AC30272ACD5232EF935B0DB1576573B1E53D41762
reference_sources\DumpVarRefreshIL.cs	1135	B67CF2349C489A277F437B65F79C2B5C106CD54FDD249D70A1E701EAAD23B191
reference_sources\DumpVarRefreshIL.exe	5120	8E8470DBA9EC5CC37CDF356B636223F4F4EBFCB41DF12013E43E558AED590068
reference_sources\Embody61.cs	42249	2149279C14CE20E1B58A2E72F8CC85E4D087F122B305BAF4E6D6D15612FC3A0E
reference_sources\FindFileBrowserTypes.cs	283	FBDDFC80C2DCBB666FE7F99533077AF1437D47BA97C5113EC90E597B8B4E5B63
reference_sources\FindFileBrowserTypes.exe	4096	EE56B3E650D7C7E694A2DFB15E77116478FD30E5AF4CBF60D8D64CB1628247C8
reference_sources\FindFileBrowserTypesCecil.cs	296	7806EEA8CCD7670DE5B95DAF2FB80D25135EAC5133BE63E10D346FB24416DC7D
reference_sources\FindFileBrowserTypesCecil.exe	4608	FD9E85659CD86A6333480DAEE419C531E13610E60B6D304E7DAE1102701E3139
reference_sources\InspectBrowserFileOps.cs	720	B0A2FE1A8154B18E9E5CA7615B205259C8104BEECC4DD0E3A54DACF50D67DFFE
reference_sources\InspectBrowserFileOps.exe	4608	49FD6405295DE3073093A796E36528F9F0CE6AE857A0B2BA723D5CCF42BEF257
reference_sources\InspectBrowserParams.cs	410	4149B43241A643F79188E29E04FB3728F9603833D4A250EE8C199D037712C427
reference_sources\InspectBrowserParams.exe	5120	62223E6F270113D63E3463FC012501CB948E09EC1808C3925B5936DBAF71A8EF
reference_sources\InspectExactFileOps.cs	662	CC125A099BE1FAD6201E31AF5075D783D3AA205DAA55EC46D7094533C4A52A48
reference_sources\InspectExactFileOps.exe	4608	07436A71B9AE27A3FD543D466A9CBFE017E3F8BC8A2C593F46AD0E45C5F94BA1
reference_sources\InspectFileBrowser.cs	1643	279510560217C176E2F42EFCAA035BAACED88ED663A441735780C0D16C803E69
reference_sources\InspectFileBrowser.exe	5632	D7185EECFB3EA1177A59E4AEFD14D1DEAF743CE4D304C2C9B7DD2F48714870B1
reference_sources\InspectLookFields.cs	410	8D86F1A4EC490A497FFA78AD9BD0F861AA491C056C5F1E98ED0181F83AF313F7
reference_sources\InspectLookFields.exe	4608	D69ED20B2610C530C7152CE3DF17145A5AA5EDE023FA7CB0867C755D26416D1E
reference_sources\InspectMediaDialogParams.cs	379	C4423E6D74A2F0B311547FBC01CCA13C7521B67A021CFD1D73EDF6BA26A0164A
reference_sources\InspectMediaDialogParams.exe	4608	793AC64DAFFDB76715F62FC256C2920CC97CBABCA4B27D5E61363BDC1142F648
reference_sources\InspectNavigation.cs	927	87493C7CF02936011AD6BA69DE90B9B490D22D2AC81DB25B0B9F50EF795A5B57
reference_sources\InspectNavigation.exe	5120	C1E80CA3BCF42E3B37907396DCB7BDCDCD9512E9B48B6461C27142CF6A49D4EF
reference_sources\InspectNavigationMethods.cs	503	1962E5F2CFACEE47E421AB28A541D946310FE167A1C798CA84A1376051E7ACC2
reference_sources\InspectNavigationMethods.exe	4608	E8D4600DC6B6602DD6FD916978DC449862237D96E7F750ABDE7534DE2B7BB2D9
reference_sources\InspectOvrAxis2D.cs	526	8800AD8DCE000DCFD1D6E4C72DF5BB26DA6525118540B4071C48C592D121C66B
reference_sources\InspectOvrAxis2D.exe	4608	8ABA7A97EF6C6990A00E73800DF8899F1A125A66EA448BF3EC77F639A162D0A2
reference_sources\InspectOvrButtons.cs	326	985B7615212D59EAB6E419B44BB5B85AF3F4375EB712FCFA30D87A2E0207454D
reference_sources\InspectOvrButtons.exe	4096	2E8652EAFD4179D30E4BF34F5C4627941A40CC336FCD144A61DD3C00CA217B94
reference_sources\InspectPackageOps.cs	362	1BE40CF0EA01678633C247EF620CCB118D30046DCB3A67368CE9E9C10F20E142
reference_sources\InspectPackageOps.exe	4096	C9E5CFA3C51C94BD33AA73D099655871A38E112ED0A4863F52FE75564EFB3EBC
reference_sources\InspectSuperPlugin.cs	1012	3DDF60665B633C03599B14DF33B70E6877E1415A1B1C00E88101760AF116A1F9
reference_sources\InspectSuperPlugin.exe	5120	F70F02A4DB1B53FB92264509C58D98EF7F87FD6F8E7427EA29715D5A3EEC9A5A
reference_sources\InspectTags.cs	1098	3A54B1B32FEE95E5BE241E295BA08C2A68E55B388EF9F05007CBF57C73302C6D
reference_sources\InspectTags.exe	5120	29DCDF190447E318C9F571EE41672574C2964D41DD3BB4BCE374695833CFE436
reference_sources\InspectUFileBrowser.cs	925	2F03676A417EA863549A12D13E2C8C698469E271EE399F619C2A12463A0861F4
reference_sources\InspectUFileBrowser.exe	5120	757D2393F66D678A51292E504D8F1F790AE2CB552CDE9434DC220F0B342E23F5
reference_sources\InspectVarRefresh.cs	1679	D36A23F45DB62C4BB804FF554752107087806468BEB8B0067F1AB6216979874E
reference_sources\InspectVarRefresh.exe	5120	CA13DCF47BD6E31D8E134F07787109417CD09DA71F3FE78832251DD426072DCC
reference_sources\InspectVrPointer.cs	1758	F9A0BE4E943274AEFA95E0F9FD17F2E67DB746964DF0C4AE1C32EB57A9FBBBDD
reference_sources\InspectVrPointer.exe	5120	DCFBADD6CF1EAC2F07703DF5C400FDB273D643749E705C838994F89244C48942
reference_sources\InspectVrPointerCecil.cs	513	1589D78848211EFF8D518FB69FF088A2E9A1A91FBA9EC57E2FBCC4572E42DB8D
reference_sources\InspectVrPointerCecil.exe	5120	7F1496934768E2FE8AF91B41B0A2EF38DC39A230B5959818712552B76EEAB2EB
reference_sources\Mono.Cecil.dll.disabled	339456	7AE470288FFF4A402899C254D0A76CEFEF55877F5C54F96E83C797CC5BB6E2F6
reference_sources\NavigationIL.txt	29154	290BC9B363A0DD7D1737A0ED53C46B38137AA9F4BA81CC5C036DD1F17FB8B60C
reference_sources\Passenger61.cs	18076	D7C7AC96BF70BA9BF7077857290A217660E4BF3C92FA7019F115E31E230B4423
reference_sources\PresetBrowserIL.txt	53097	7A1936D2BCB54F8FC51CCD56DA5CA615138C6F5A48CCFAB2D29B973AD071424A
reference_sources\ReflectFields.cs	1646	94AF28FBE2DF0F870B058387BE915589E33263F991EBCE792F593DEA7C67B3AC
reference_sources\ReflectFields.exe	5632	1C92A9F756C0C17FDC82DB8C6E4C0104A1B42B35F4832F7410503BDA84B8DFC6
reference_sources\ReflectMethods.cs	1169	CD32B1C51F759FD06FE270B4414F78FE5A6C6CEF9AD425EDD8C9CD8CB8A31197
reference_sources\ReflectMethods.exe	5120	AB5D614017CD532179EB6E32537B84DA2ADAF32E469BBC20A4DEE2B6A39F2A32
reference_sources\UIAssist93\ExternalButtonListProvider.cs	12443	31985615BEE6636105AC907A0D40B3E5F9DD206E42ADAF3187B024C0DC2F1616
reference_sources\UIAssist93\PluginInterop.cs	14468	BE4EB2F369266715F18E35A48CA66C40BF06E1539DB09F1F3F1545451C49DAEC
reference_sources\UIAssist93\UIAButtonStorables.cs	552531	2035718E087249EB116812BCC09614628905443DF5798D57E5D7D86495E06C5A
reference_sources\UIAssist93\UIAssist.cs	23180	1C2ABDD92A44A704868C7E99250454B7AE489FE781737BACD405730616276710
reference_sources\UIAssist93\UIAStorables.cs	98536	6394B6566985F426D4453C7AC94B5FF84677E3E8028EC80F2C9F44D71C545690
reference_sources\VarRefreshIL.txt	90413	DCB017AEFDE2A35105B7567AE3396DE2568335F905E844A3625F27D77350EF3F
reference_sources\Widget.cs	19417	84AA0F7287F46D245324D0991602E011E792D68D46AF16B6E7DE82DC549F6ED0
ScenePlaybackFlow.cs	60328	856FF0E1BD0AA974A558A4C205C2071CDCBA53E0DB25C7ED30C50F50ACD32017
SceneQuickActions.cs	79277	AADEED41D8DBE2AD5D01508C02367EB7DCF38071787D414BDF06EEC541102865
SevenSeasonExpressionLibrary.cs	138652	41635B5024D6BA17D4426DB840654C9528B88FF117B39119423011477AF57D5B
SoftRestartController.cs	8130	8633516947784EF754FA09A013A4CB9D7857B04B8797A31309F82CCD5812DA8A
StandbyFrameLimiter.cs	1102	BDC0BF80A04B6FAE364DBFC5977582D99C1433F12EA37E593E74463AC0E60E62
StandbyFrameLimiterTests.cs	770	0D45D0850E51709DC3072F75A7BBE72BD2D0BF5B1C422BAB2EDFDFC94E21A08A
TriggerStateMachine.cs	11583	9A373A5173D092206D2D613082196341186223F14D44664554EAFDAC52EC8EA1
TriggerStateMachineTests.cs	7217	4EE3F25EC146681A4B1C430F45D462AF8AB45B85F2BB6F637A0129B7D6E04242
VirtualKeyboardState.cs	6358	BB00AC1ECB0AFBF714870855764AC52F2D43D313E549DAEBD4D003FD68296C63
VrKeyboardOverlay.cs	57700	853244A4688B41757CBB31AA0E19EC06A6027195EDADB6A31E8963960BDF6182
VrPinnedActionTiles.cs	17666	E45C0D7370720CF4FDB356C63162CB1AD7EE7DC33DEAFE5FD6CFEC3DAB983A65
VrRadialMenu.cs	25418	4D38ABBE8C0CE575A3A1F2285E249E646B41B6F8B277E7D6E9BF2734D071D971
WindowsKeyboardInteropTests.cs	3581	E7F118A9F8C0998A104BFD372798E272D941C2B56BE818DB89108D96A74C84DC
